<application>
  <component name="FindSettings">
    <option name="customScope" value="All Places" />
    <option name="defaultScopeName" value="All Places" />
    <option name="WITH_SUBDIRECTORIES" value="false" />
    <option name="SEARCH_SCOPE" value="All Places" />
    <option name="FILE_MASK" value="*kt" />
    <mask>*.css</mask>
    <mask>*.xml</mask>
    <mask>*.jsp</mask>
    <mask>*.properties</mask>
    <mask>html</mask>
    <mask>*.js</mask>
    <mask>.yml</mask>
    <mask>*.yml</mask>
    <mask>*.java</mask>
    <mask>*.java</mask>
    <mask>/</mask>
    <mask>*.kt</mask>
    <mask>*.html</mask>
    <mask>*.ts</mask>
    <mask>*kt</mask>
  </component>
</application>