<application>
  <component name="NotificationConfiguration">
    <notification groupId="Automatic indent detection" displayType="STICKY_BALLOON" />
    <notification groupId="Build sync orphan modules" displayType="TOOL_WINDOW" />
    <notification groupId="Configure Kotlin in Project" displayType="STICKY_BALLOON" />
    <notification groupId="Debugger messages" displayType="TOOL_WINDOW" />
    <notification groupId="Dependencies from package.json" displayType="STICKY_BALLOON" />
    <notification groupId="Dump Threads Group" />
    <notification groupId="Find in Path" displayType="TOOL_WINDOW" />
    <notification groupId="FindBugs: Analysis Finished" displayType="TOOL_WINDOW" />
    <notification groupId="FindBugs: Plugin Suggestion" displayType="STICKY_BALLOON" />
    <notification groupId="FindBugs: R-File Filter Suggestion" displayType="STICKY_BALLOON" />
    <notification groupId="Flash app not compiled before launch" displayType="TOOL_WINDOW" />
    <notification groupId="FTP/SFTP Connectivity: Remote Host" displayType="TOOL_WINDOW" />
    <notification groupId="Gradle Import" displayType="STICKY_BALLOON" />
    <notification groupId="IDE and Plugin Updates" displayType="STICKY_BALLOON" />
    <notification groupId="Indexing" />
    <notification groupId="Linters" displayType="NONE" />
    <notification groupId="Maven Import" displayType="STICKY_BALLOON" />
    <notification groupId="Plugins AutoSwitch" />
    <notification groupId="Plugins updates" displayType="STICKY_BALLOON" />
    <notification groupId="Profiling" />
    <notification groupId="Run Dashboard" displayType="STICKY_BALLOON" />
  </component>
</application>