<keymap version="1" name="Mac OS X 10.5+ copy" parent="Mac OS X 10.5+">
  <action id="Diff.NextChange">
    <keyboard-shortcut first-keystroke="ctrl right" />
  </action>
  <action id="Diff.PrevChange">
    <keyboard-shortcut first-keystroke="ctrl left" />
  </action>
  <action id="Exit">
    <keyboard-shortcut first-keystroke="ctrl q" />
  </action>
  <action id="GotoBookmark0" />
  <action id="GotoBookmark1">
    <keyboard-shortcut first-keystroke="ctrl alt 1" />
  </action>
  <action id="GotoBookmark2">
    <keyboard-shortcut first-keystroke="ctrl alt 2" />
  </action>
  <action id="GotoBookmark3">
    <keyboard-shortcut first-keystroke="ctrl alt 3" />
  </action>
  <action id="GotoBookmark4" />
  <action id="GotoBookmark5" />
  <action id="GotoBookmark6" />
  <action id="GotoBookmark7" />
  <action id="GotoBookmark8" />
  <action id="GotoBookmark9" />
  <action id="NextDiff" />
  <action id="NextTab">
    <keyboard-shortcut first-keystroke="shift meta close_bracket" />
  </action>
  <action id="PreviousTab">
    <keyboard-shortcut first-keystroke="shift meta open_bracket" />
  </action>
  <action id="Scala.ShowImplicits">
    <keyboard-shortcut first-keystroke="shift ctrl alt equals" />
    <keyboard-shortcut first-keystroke="shift ctrl alt add" />
  </action>
  <action id="ShowUsages">
    <keyboard-shortcut first-keystroke="f7" />
  </action>
  <action id="SplitHorizontally">
    <keyboard-shortcut first-keystroke="meta t" />
  </action>
  <action id="StepInto" />
  <action id="Vcs.UpdateProject" />
  <action id="android.deploy.ApplyChanges">
    <keyboard-shortcut first-keystroke="ctrl meta r" />
  </action>
  <action id="android.deploy.CodeSwap">
    <keyboard-shortcut first-keystroke="shift ctrl meta r" />
  </action>
</keymap>